{"cameraMode":{"drawMode":0,"name":"Shaded","section":"Shading Mode"},"sceneLighting":true,"audioPlay":false,"sceneViewState":{"m_AlwaysRefresh":false,"showFog":true,"showSkybox":true,"showFlares":true,"showImageEffects":true,"showParticleSystems":true,"showVisualEffectGraphs":true,"m_FxEnabled":true},"in2DMode":false,"pivot":{"x":1.2818005084991456,"y":10.427436828613282,"z":6.4394636154174809},"rotation":{"x":-0.054284363985061648,"y":0.0005963488947600126,"z":-0.000031952517019817606,"w":-0.9985302090644836},"size":21.521163940429689,"orthographic":true}